{
  "AssessmentQuestions": [
    {
      "Category": "Project Management & Planning",
      "Question": " Do you use any tools to gather and capture requirements for Project Planning and Management?",
      "Description": " All requirements for development ( New functionality, Change Requests and Production fixes are captured centrally and accessible to all project managers and team memebers",
      "Options": [
        {
          "Yes": {
            "Rating": "1",
            "SubQuestion": {
              "Question": "\n  Which tool do you\n  use?",
              "Description": "Do you use any BACL tool for Project Management and Planning e.g. JIRA?",
              "Options": [
                {
                  "JIRA": {
                    "Rating": "1",
                    "SubQuestion": {
                      "Question": " \n  What is the level of integration of this tool with the other tools you use for project development and delivery phases?",
                      "Description": "",
                      "Options": [
                        {
                          "Fully": {
                            "Rating": "3"
                          }
                        },
                        {
                          "Good": {
                            "Rating": "2"
                          }
                        },
                        {
                          "Partial": {
                            "Rating": "1"
                          }
                        },
                        {
                          "None": {
                            "Rating": "0"
                          }
                        }
                      ]
                    }
                  }
                },
                {
                  "Sharepoint": {
                    "Rating": "0"
                  }
                },
                {
                  "Others": {
                    "Rating": "0"
                  }
                }
              ]
            }
          }
        },
        {
          "No": {
            "Rating": "0"
          }
        }
      ]
    },
    {
      "Category": "Project Management & Planning",
      "Question": " Do you use any tools for collaboration and documentation?",
      "Description": " All documentation is stored centrally and is accessible to project team members and stakeholders",
      "Options": [
        {
          "Yes": {
            "Rating": "1",
            "SubQuestion": {
              "Question": " \n  Which tool do you\n  use?",
              "Description": "Do you use any BACL tool for Collaboration and Documentation?",
              "Options": [
                {
                  "Confluence": {
                    "Rating": "1",
                    "SubQuestion": {
                      "Question": "\n  What is the level of integration of this tool with the other tools you use for project development and delivery phases?",
                      "Description": "",
                      "Options": [
                        {
                          "Fully": {
                            "Rating": "3"
                          }
                        },
                        {
                          "Good": {
                            "Rating": "2"
                          }
                        },
                        {
                          "Partial": {
                            "Rating": "1"
                          }
                        },
                        {
                          "None": {
                            "Rating": "0"
                          }
                        }
                      ]
                    }
                  }
                },
                {
                  "Sharepoint": {
                    "Rating": "1",
                    "SubQuestion": {
                      "Question": " \n  What is the level of integration of this tool with the other tools you use for project development and delivery phases?",
                      "Description": "",
                      "Options": [
                        {
                          "Fully": {
                            "Rating": "3"
                          }
                        },
                        {
                          "Good": {
                            "Rating": "2"
                          }
                        },
                        {
                          "Partial": {
                            "Rating": "1"
                          }
                        },
                        {
                          "None": {
                            "Rating": "0"
                          }
                        }
                      ]
                    }
                  }
                },
                {
                  "Others": {
                    "Rating": "0"
                  }
                }
              ]
            }
          }
        },
        {
          "No": {
            "Rating": "0"
          }
        }
      ]
    },
    {
      "Category": "Development",
      "Question": "Do you use any tools for version control for your project's code and configuration?",
      "Description": "All code and configuration's are version controlled and stored in a central location",
      "Options": [
        {
          "Yes": {
            "Rating": "1",
            "SubQuestion": {
              "Question": " \n  Which tool do you\n  use?",
              "Description": "Do you use any BACL tool for code version control for e.g. GIT/STASH? ",
              "Options": [
                {
                  "GIT/STASH": {
                    "Rating": "1",
                    "SubQuestion": {
                      "Question": "\n  What is the level of integration of this tool with the other tools you use for project development and delivery phases?",
                      "Description": "",
                      "Options": [
                        {
                          "Fully": {
                            "Rating": "3"
                          }
                        },
                        {
                          "Good": {
                            "Rating": "2"
                          }
                        },
                        {
                          "Partial": {
                            "Rating": "1"
                          }
                        },
                        {
                          "None": {
                            "Rating": "0"
                          }
                        }
                      ]
                    }
                  }
                },
                {
                  "Others": {
                    "Rating": "0"
                  }
                }
              ]
            }
          }
        },
        {
          "No": {
            "Rating": "0"
          }
        },
        {
          "N/A": {
            "Rating": "0"
          }
        }
      ]
    },
    {
      "Category": "Development",
      "Question": " Do you use any tools for automated code compilation, unit testing and packaging?",
      "Description": "Code compilation, unit testing and packaging is automated using tools like Jenkins and maven/gradle/ant",
      "Options": [
        {
          "Yes": {
            "Rating": "1",
            "SubQuestion": {
              "Question": " \n  Which tool do you\n  use?",
              "Description": "Do you use any BACL tool for code version control for e.g. Jenkins? ",
              "Options": [
                {
                  "Jenkins": {
                    "Rating": "1",
                    "SubQuestion": {
                      "Question": "\n  What is the level of integration of this tool with the other tools you use for project development and delivery phases?",
                      "Description": "",
                      "Options": [
                        {
                          "Fully": {
                            "Rating": "3"
                          }
                        },
                        {
                          "Good": {
                            "Rating": "2"
                          }
                        },
                        {
                          "Partial": {
                            "Rating": "1"
                          }
                        },
                        {
                          "None": {
                            "Rating": "0"
                          }
                        }
                      ]
                    }
                  }
                },
                {
                  "Others": {
                    "Rating": "0"
                  }
                }
              ]
            }
          }
        },
        {
          "No": {
            "Rating": "0"
          }
        },
        {
          "N/A": {
            "Rating": "0"
          }
        }
      ]
    },
    {
      "Category": "Development",
      "Question": "Do you use any tools for peer review of code?",
      "Description": "All code commits are peer reviewed by other team members to ensure quality",
      "Options": [
        {
          "Yes": {
            "Rating": "1",
            "SubQuestion": {
              "Question": "\n  Which tool do you\n  use?",
              "Description": "Do you use any BACL tool for code peer review e.g Stash? ",
              "Options": [
                {
                  "Stash": {
                    "Rating": "1",
                    "SubQuestion": {
                      "Question": "\n  What is the level of integration of this tool with the other tools you use for project development and delivery phases?",
                      "Description": "",
                      "Options": [
                        {
                          "Fully": {
                            "Rating": "3"
                          }
                        },
                        {
                          "Good": {
                            "Rating": "2"
                          }
                        },
                        {
                          "Partial": {
                            "Rating": "1"
                          }
                        },
                        {
                          "None": {
                            "Rating": "0"
                          }
                        }
                      ]
                    }
                  }
                },
                {
                  "Others": {
                    "Rating": "0"
                  }
                }
              ]
            }
          }
        },
        {
          "No": {
            "Rating": "0"
          }
        },
        {
          "N/A": {
            "Rating": "0"
          }
        }
      ]
    },
    {
      "Category": "Development",
      "Question": " Do you use any tools to store code artefacts/pacakges after build?",
      "Description": "All project binaries ( jar/war/ear,etc files) are stored in a central repository",
      "Options": [
        {
          "Yes": {
            "Rating": "1",
            "SubQuestion": {
              "Question": " \n  Which tool do you\n  use?",
              "Description": "Do you use any BACL tool to store code artefacts e.g NexusPro? ",
              "Options": [
                {
                  "NexusPro": {
                    "Rating": "1",
                    "SubQuestion": {
                      "Question": "\n  What is the level of integration of this tool with the other tools you use for project development and delivery phases?",
                      "Description": "",
                      "Options": [
                        {
                          "Fully": {
                            "Rating": "3"
                          }
                        },
                        {
                          "Good": {
                            "Rating": "2"
                          }
                        },
                        {
                          "Partial": {
                            "Rating": "1"
                          }
                        },
                        {
                          "None": {
                            "Rating": "0"
                          }
                        }
                      ]
                    }
                  }
                },
                {
                  "Others": {
                    "Rating": "0"
                  }
                }
              ]
            }
          }
        },
        {
          "No": {
            "Rating": "0"
          }
        },
        {
          "N/A": {
            "Rating": "0"
          }
        }
      ]
    },
    {
      "Category": "Development",
      "Question": "Do you use any tools to define the internal/external dependencies for code build/packaging?",
      "Description": "Ability to easily define how the project code is built, tested, packaged and external denedencies ",
      "Options": [
        {
          "Yes": {
            "Rating": "1",
            "SubQuestion": {
              "Question": " \n  Which tool do you\n  use?",
              "Description": "Do you use any BACL tool for code builds e.g Maven, Gradle? ",
              "Options": [
                {
                  "Maven": {
                    "Rating": "1",
                    "SubQuestion": {
                      "Question": "\n  What is the level of integration of this tool with the other tools you use for project development and delivery phases?",
                      "Description": "",
                      "Options": [
                        {
                          "Fully": {
                            "Rating": "3"
                          }
                        },
                        {
                          "Good": {
                            "Rating": "2"
                          }
                        },
                        {
                          "Partial": {
                            "Rating": "1"
                          }
                        },
                        {
                          "None": {
                            "Rating": "0"
                          }
                        }
                      ]
                    }
                  }
                },
                {
                  "Gradle": {
                    "Rating": "1",
                    "SubQuestion": {
                      "Question": "\n  What is the level of integration of this tool with the other tools you use for project development and delivery phases?",
                      "Description": "",
                      "Options": [
                        {
                          "Fully": {
                            "Rating": "3"
                          }
                        },
                        {
                          "Good": {
                            "Rating": "2"
                          }
                        },
                        {
                          "Partial": {
                            "Rating": "1"
                          }
                        },
                        {
                          "None": {
                            "Rating": "0"
                          }
                        }
                      ]
                    }
                  }
                },
                {
                  "Others": {
                    "Rating": "0"
                  }
                }
              ]
            }
          }
        },
        {
          "No": {
            "Rating": "0"
          }
        },
        {
          "N/A": {
            "Rating": "0"
          }
        }
      ]
    },
    {
      "Category": "Development",
      "Question": " Do you use any tools for Database deployments, Continuous Integration?",
      "Description": "Database Deployment, Continuous Integration are automated and fully traceable using a tool",
      "Options": [
        {
          "Yes": {
            "Rating": "1",
            "SubQuestion": {
              "Question": "\n  Which tool do you\n  use?",
              "Description": "Do you use any BACL tool for Database deployments and continuous integration ? ",
              "Options": [
                {
                  "DBMaestro": {
                    "Rating": "1",
                    "SubQuestion": {
                      "Question": "\n  What is the level of integration of this tool with the other tools you use for project development and delivery phases?",
                      "Description": "",
                      "Options": [
                        {
                          "Fully": {
                            "Rating": "3"
                          }
                        },
                        {
                          "Good": {
                            "Rating": "2"
                          }
                        },
                        {
                          "Partial": {
                            "Rating": "1"
                          }
                        },
                        {
                          "None": {
                            "Rating": "0"
                          }
                        }
                      ]
                    }
                  }
                },
                {
                  "Others": {
                    "Rating": "0"
                  }
                }
              ]
            }
          }
        },
        {
          "No": {
            "Rating": "0"
          }
        },
        {
          "N/A": {
            "Rating": "0"
          }
        }
      ]
    },
    {
      "Category": "Deployments",
      "Question": "Do you use any tools for automated deployments?",
      "Description": "Application deployments are automated end to end",
      "Options": [
        {
          "Yes": {
            "Rating": "1",
            "SubQuestion": {
              "Question": " \n  Which tool do you\n  use?",
              "Description": "Do you use any BACL tool for Database deployments ? ",
              "Options": [
                {
                  "Nolio": {
                    "Rating": "1",
                    "SubQuestion": {
                      "Question": "\n  What is the level of integration of this tool with the other tools you use for project development and delivery phases?",
                      "Description": "",
                      "Options": [
                        {
                          "Fully": {
                            "Rating": "3"
                          }
                        },
                        {
                          "Good": {
                            "Rating": "2"
                          }
                        },
                        {
                          "Partial": {
                            "Rating": "1"
                          }
                        },
                        {
                          "None": {
                            "Rating": "0"
                          }
                        }
                      ]
                    }
                  }
                },
                {
                  "Endevor": {
                    "Rating": "1",
                    "SubQuestion": {
                      "Question": "\n  What is the level of integration of this tool with the other tools you use for project development and delivery phases?",
                      "Description": "",
                      "Options": [
                        {
                          "Fully": {
                            "Rating": "3"
                          }
                        },
                        {
                          "Good": {
                            "Rating": "2"
                          }
                        },
                        {
                          "Partial": {
                            "Rating": "1"
                          }
                        },
                        {
                          "None": {
                            "Rating": "0"
                          }
                        }
                      ]
                    }
                  }
                },
                {
                  "Others": {
                    "Rating": "0"
                  }
                }
              ]
            }
          }
        },
        {
          "No": {
            "Rating": "0"
          }
        },
        {
          "N/A": {
            "Rating": "0"
          }
        }
      ]
    },
    {
      "Category": "Deployments",
      "Question": "How many deployments do you do in a month across environments?",
      "Description": "Provide an estimate of the number of release deployments that you do across your project environments in a month",
      "Options": [
        {
          "0-10": {
            "Rating": "0"
          }
        },
        {
          "10-20": {
            "Rating": "0"
          }
        },
        {
          "20-30": {
            "Rating": "0"
          }
        },
        {
          "30-50": {
            "Rating": "0"
          }
        }
      ]
    },
    {
      "Category": "Environments",
      "Question": "Do you use any tools for automating infrastructure builds for your application environments ?",
      "Description": "Application infrastructre build and provisioning is automated and is stored as code for repeatablity",
      "Options": [
        {
          "Yes": {
            "Rating": "1",
            "SubQuestion": {
              "Question": " \n  Which tool do you\n  use?",
              "Description": "Do you use any BACL tool for automated application infrastructre build and provisioning?",
              "Options": [
                {
                  "CHEF": {
                    "Rating": "1",
                    "SubQuestion": {
                      "Question": "\n  What is the level of integration of this tool with the other tools you use for project development and delivery phases?",
                      "Description": "",
                      "Options": [
                        {
                          "Fully": {
                            "Rating": "3"
                          }
                        },
                        {
                          "Good": {
                            "Rating": "2"
                          }
                        },
                        {
                          "Partial": {
                            "Rating": "1"
                          }
                        },
                        {
                          "None": {
                            "Rating": "0"
                          }
                        }
                      ]
                    }
                  }
                },
                {
                  "Others": {
                    "Rating": "0"
                  }
                }
              ]
            }
          }
        },
        {
          "No": {
            "Rating": "0"
          }
        },
        {
          "N/A": {
            "Rating": "0"
          }
        }
      ]
    },
    {
      "Category": "Environments",
      "Question": "Do you use tools for Environment Management?",
      "Description": "Ability to book, reserve and monitor environment utilisation",
      "Options": [
        {
          "Yes": {
            "Rating": "1",
            "SubQuestion": {
              "Question": " \n  Which tool do you\n  use?",
              "Description": "Do you use any BACL tool for environment management?",
              "Options": [
                {
                  "Evolven": {
                    "Rating": "1",
                    "SubQuestion": {
                      "Question": "\n  What is the level of integration of this tool with the other tools you use for project development and delivery phases?",
                      "Description": "",
                      "Options": [
                        {
                          "Fully": {
                            "Rating": "3"
                          }
                        },
                        {
                          "Good": {
                            "Rating": "2"
                          }
                        },
                        {
                          "Partial": {
                            "Rating": "1"
                          }
                        },
                        {
                          "None": {
                            "Rating": "0"
                          }
                        }
                      ]
                    }
                  }
                },
                {
                  "Others": {
                    "Rating": "0"
                  }
                }
              ]
            }
          }
        },
        {
          "No": {
            "Rating": "0"
          }
        },
        {
          "N/A": {
            "Rating": "0"
          }
        }
      ]
    },
    {
      "Category": "Quality & Test Management",
      "Question": "Do you use any tools for automated static code quality checks?",
      "Description": "Code is checked for compliance to standards and best practices in an automated manner",
      "Options": [
        {
          "Yes": {
            "Rating": "1",
            "SubQuestion": {
              "Question": " \n  Which tool do you\n  use?",
              "Description": "Do you use any BACL tool for static code quality checks?",
              "Options": [
                {
                  "SonarQube": {
                    "Rating": "1",
                    "SubQuestion": {
                      "Question": "\n  What is the level of integration of this tool with the other tools you use for project development and delivery phases?",
                      "Description": "",
                      "Options": [
                        {
                          "Fully": {
                            "Rating": "3"
                          }
                        },
                        {
                          "Good": {
                            "Rating": "2"
                          }
                        },
                        {
                          "Partial": {
                            "Rating": "1"
                          }
                        },
                        {
                          "None": {
                            "Rating": "0"
                          }
                        }
                      ]
                    }
                  }
                },
                {
                  "Others": {
                    "Rating": "0"
                  }
                }
              ]
            }
          }
        },
        {
          "No": {
            "Rating": "0"
          }
        },
        {
          "N/A": {
            "Rating": "0"
          }
        }
      ]
    },
    {
      "Category": "Quality & Test Management",
      "Question": "Do you use any tools for automated testing?",
      "Description": "Functinal testing is carried out in an automated manner",
      "Options": [
        {
          "Yes": {
            "Rating": "1",
            "SubQuestion": {
              "Question": " \n  Which tool do you\n  use?",
              "Description": "Do you use any BACL tool for test automation?",
              "Options": [
                {
                  "Cucumber": {
                    "Rating": "1",
                    "SubQuestion": {
                      "Question": "\n  What is the level of integration of this tool with the other tools you use for project development and delivery phases?",
                      "Description": "",
                      "Options": [
                        {
                          "Fully": {
                            "Rating": "3"
                          }
                        },
                        {
                          "Good": {
                            "Rating": "2"
                          }
                        },
                        {
                          "Partial": {
                            "Rating": "1"
                          }
                        },
                        {
                          "None": {
                            "Rating": "0"
                          }
                        }
                      ]
                    }
                  }
                },
                {
                  "Selenium": {
                    "Rating": "1",
                    "SubQuestion": {
                      "Question": "\n  What is the level of integration of this tool with the other tools you use for project development and delivery phases?",
                      "Description": "",
                      "Options": [
                        {
                          "Fully": {
                            "Rating": "3"
                          }
                        },
                        {
                          "Good": {
                            "Rating": "2"
                          }
                        },
                        {
                          "Partial": {
                            "Rating": "1"
                          }
                        },
                        {
                          "None": {
                            "Rating": "0"
                          }
                        }
                      ]
                    }
                  }
                },
                {
                  "QTP": {
                    "Rating": "1",
                    "SubQuestion": {
                      "Question": "\n  What is the level of integration of this tool with the other tools you use for project development and delivery phases?",
                      "Description": "",
                      "Options": [
                        {
                          "Fully": {
                            "Rating": "3"
                          }
                        },
                        {
                          "Good": {
                            "Rating": "2"
                          }
                        },
                        {
                          "Partial": {
                            "Rating": "1"
                          }
                        },
                        {
                          "None": {
                            "Rating": "0"
                          }
                        }
                      ]
                    }
                  }
                },
                {
                  "Others": {
                    "Rating": "0"
                  }
                }
              ]
            }
          }
        },
        {
          "No": {
            "Rating": "0"
          }
        },
        {
          "N/A": {
            "Rating": "0"
          }
        }
      ]
    },
    {
      "Category": "Quality & Test Management",
      "Question": "Do you use any tools for defect management?",
      "Description": "Test defects are captured and tracked in a central tool",
      "Options": [
        {
          "Yes": {
            "Rating": "1",
            "SubQuestion": {
              "Question": " \n  Which tool do you\n  use?",
              "Description": "Do you use any BACL tool for test management?",
              "Options": [
                {
                  "HP Quality Center": {
                    "Rating": "1",
                    "SubQuestion": {
                      "Question": "\n  What is the level of integration of this tool with the other tools you use for project development and delivery phases?",
                      "Description": "",
                      "Options": [
                        {
                          "Fully": {
                            "Rating": "3"
                          }
                        },
                        {
                          "Good": {
                            "Rating": "2"
                          }
                        },
                        {
                          "Partial": {
                            "Rating": "1"
                          }
                        },
                        {
                          "None": {
                            "Rating": "0"
                          }
                        }
                      ]
                    }
                  }
                },
                {
                  "Jira": {
                    "Rating": "1",
                    "SubQuestion": {
                      "Question": "\n  What is the level of integration of this tool with the other tools you use for project development and delivery phases?",
                      "Description": "",
                      "Options": [
                        {
                          "Fully": {
                            "Rating": "3"
                          }
                        },
                        {
                          "Good": {
                            "Rating": "2"
                          }
                        },
                        {
                          "Partial": {
                            "Rating": "1"
                          }
                        },
                        {
                          "None": {
                            "Rating": "0"
                          }
                        }
                      ]
                    }
                  }
                },
                {
                  "Others": {
                    "Rating": "0"
                  }
                }
              ]
            }
          }
        },
        {
          "No": {
            "Rating": "0"
          }
        },
        {
          "N/A": {
            "Rating": "0"
          }
        }
      ]
    },
    {
      "Category": "Quality & Test Management",
      "Question": "Do you use any tools for Performance testing?",
      "Description": "Performance per release is tested using a approved toolset",
      "Options": [
        {
          "Yes": {
            "Rating": "1",
            "SubQuestion": {
              "Question": " \n  Which tool do you\n  use?",
              "Description": "Do you use any BACL tool for performance testing?",
              "Options": [
                {
                  "HP Performance Center": {
                    "Rating": "1",
                    "SubQuestion": {
                      "Question": "\n  What is the level of integration of this tool with the other tools you use for project development and delivery phases?",
                      "Description": "",
                      "Options": [
                        {
                          "Fully": {
                            "Rating": "3"
                          }
                        },
                        {
                          "Good": {
                            "Rating": "2"
                          }
                        },
                        {
                          "Partial": {
                            "Rating": "1"
                          }
                        },
                        {
                          "None": {
                            "Rating": "0"
                          }
                        }
                      ]
                    }
                  }
                },
                {
                  "Load Runner": {
                    "Rating": "1",
                    "SubQuestion": {
                      "Question": "\n  What is the level of integration of this tool with the other tools you use for project development and delivery phases?",
                      "Description": "",
                      "Options": [
                        {
                          "Fully": {
                            "Rating": "3"
                          }
                        },
                        {
                          "Good": {
                            "Rating": "2"
                          }
                        },
                        {
                          "Partial": {
                            "Rating": "1"
                          }
                        },
                        {
                          "None": {
                            "Rating": "0"
                          }
                        }
                      ]
                    }
                  }
                },
                {
                  "Others": {
                    "Rating": "0"
                  }
                }
              ]
            }
          }
        },
        {
          "No": {
            "Rating": "0"
          }
        },
        {
          "N/A": {
            "Rating": "0"
          }
        }
      ]
    },
    {
      "Category": "Quality & Test Management",
      "Question": "Do you use any tools for Integration testing?",
      "Description": "Integrations across various components is tested in an automated manner",
      "Options": [
        {
          "Yes": {
            "Rating": "1",
            "SubQuestion": {
              "Question": " \n  Which tool do you\n  use?",
              "Description": "Do you use any BACL tool for automated Integration testing?",
              "Options": [
                {
                  "Rational Integration Tester": {
                    "Rating": "1",
                    "SubQuestion": {
                      "Question": "\n  What is the level of integration of this tool with the other tools you use for project development and delivery phases?",
                      "Description": "",
                      "Options": [
                        {
                          "Fully": {
                            "Rating": "3"
                          }
                        },
                        {
                          "Good": {
                            "Rating": "2"
                          }
                        },
                        {
                          "Partial": {
                            "Rating": "1"
                          }
                        },
                        {
                          "None": {
                            "Rating": "0"
                          }
                        }
                      ]
                    }
                  }
                },
                {
                  "Others": {
                    "Rating": "0"
                  }
                }
              ]
            }
          }
        },
        {
          "No": {
            "Rating": "0"
          }
        },
        {
          "N/A": {
            "Rating": "0"
          }
        }
      ]
    },
    {
      "Category": "Quality & Test Management",
      "Question": "Do you use any tools for Service Virtualisation ( using virtual backend services instead of actual systems during early testing phases) ?",
      "Description": "Early E2E Testing is carried out using integrations with virtual backend services instead of actual systems ",
      "Options": [
        {
          "Yes": {
            "Rating": "1",
            "SubQuestion": {
              "Question": " \n  Which tool do you\n  use?",
              "Description": "Do you use any BACL tool for Service Virtualisation?",
              "Options": [
                {
                  "Parasoft": {
                    "Rating": "1",
                    "SubQuestion": {
                      "Question": "\n  What is the level of integration of this tool with the other tools you use for project development and delivery phases?",
                      "Description": "",
                      "Options": [
                        {
                          "Fully": {
                            "Rating": "3"
                          }
                        },
                        {
                          "Good": {
                            "Rating": "2"
                          }
                        },
                        {
                          "Partial": {
                            "Rating": "1"
                          }
                        },
                        {
                          "None": {
                            "Rating": "0"
                          }
                        }
                      ]
                    }
                  }
                },
                {
                  "Others": {
                    "Rating": "0"
                  }
                }
              ]
            }
          }
        },
        {
          "No": {
            "Rating": "0"
          }
        },
        {
          "N/A": {
            "Rating": "0"
          }
        }
      ]
    },
    {
      "Category": "Quality & Test Management",
      "Question": "Do you use any tools for Database Virtualisation (using virtual backend databases instead of actual systems during early testing phases) ?",
      "Description": "Early E2E Testing is carried out using integrations with virtual backend databases instead of actual systems ",
      "Options": [
        {
          "Yes": {
            "Rating": "1",
            "SubQuestion": {
              "Question": " \n  Which tool do you\n  use?",
              "Description": "Do you use any BACL tool for Database Virtualisation?",
              "Options": [
                {
                  "Actifio": {
                    "Rating": "1",
                    "SubQuestion": {
                      "Question": "\n  What is the level of integration of this tool with the other tools you use for project development and delivery phases?",
                      "Description": "",
                      "Options": [
                        {
                          "Fully": {
                            "Rating": "3"
                          }
                        },
                        {
                          "Good": {
                            "Rating": "2"
                          }
                        },
                        {
                          "Partial": {
                            "Rating": "1"
                          }
                        },
                        {
                          "None": {
                            "Rating": "0"
                          }
                        }
                      ]
                    }
                  }
                },
                {
                  "Others": {
                    "Rating": "0"
                  }
                }
              ]
            }
          }
        },
        {
          "No": {
            "Rating": "0"
          }
        },
        {
          "N/A": {
            "Rating": "0"
          }
        }
      ]
    },
    {
      "Category": "Monitoring",
      "Question": "Do you use any tools for monitoring your application environments?",
      "Description": "Application environments are monitored consistently for performance and availability",
      "Options": [
        {
          "Yes": {
            "Rating": "1",
            "SubQuestion": {
              "Question": " \n  Which tool do you\n  use?",
              "Description": "Do you use any BACL tool for Monitoring application environments?",
              "Options": [
                {
                  "RTView": {
                    "Rating": "1",
                    "SubQuestion": {
                      "Question": "\n  What is the level of integration of this tool with the other tools you use for project development and delivery phases?",
                      "Description": "",
                      "Options": [
                        {
                          "Fully": {
                            "Rating": "3"
                          }
                        },
                        {
                          "Good": {
                            "Rating": "2"
                          }
                        },
                        {
                          "Partial": {
                            "Rating": "1"
                          }
                        },
                        {
                          "None": {
                            "Rating": "0"
                          }
                        }
                      ]
                    }
                  }
                },
                {
                  "Azure": {
                    "Rating": "1",
                    "SubQuestion": {
                      "Question": "\n  What is the level of integration of this tool with the other tools you use for project development and delivery phases?",
                      "Description": "",
                      "Options": [
                        {
                          "Fully": {
                            "Rating": "3"
                          }
                        },
                        {
                          "Good": {
                            "Rating": "2"
                          }
                        },
                        {
                          "Partial": {
                            "Rating": "1"
                          }
                        },
                        {
                          "None": {
                            "Rating": "0"
                          }
                        }
                      ]
                    }
                  }
                },
                {
                  "Others": {
                    "Rating": "0"
                  }
                }
              ]
            }
          }
        },
        {
          "No": {
            "Rating": "0"
          }
        },
        {
          "N/A": {
            "Rating": "0"
          }
        }
      ]
    },
    {
      "Category": "Service Management",
      "Question": "Do you use any tools for change approvals into production?",
      "Description": "Production deployments follow a standard process for change control for releases to controlled environments",
      "Options": [
        {
          "Yes": {
            "Rating": "1",
            "SubQuestion": {
              "Question": " \n  Which tool do you\n  use?",
              "Description": "Do you use any BACL tool for change management for releases to controlled environment?",
              "Options": [
                {
                  "ServiceNow": {
                    "Rating": "1",
                    "SubQuestion": {
                      "Question": "\n  What is the level of integration of this tool with the other tools you use for project development and delivery phases?",
                      "Description": "",
                      "Options": [
                        {
                          "Fully": {
                            "Rating": "3"
                          }
                        },
                        {
                          "Good": {
                            "Rating": "2"
                          }
                        },
                        {
                          "Partial": {
                            "Rating": "1"
                          }
                        },
                        {
                          "None": {
                            "Rating": "0"
                          }
                        }
                      ]
                    }
                  }
                },
                {
                  "Others": {
                    "Rating": "0"
                  }
                }
              ]
            }
          }
        },
        {
          "No": {
            "Rating": "0"
          }
        },
        {
          "N/A": {
            "Rating": "0"
          }
        }
      ]
    }
  ]
}